{
  "version": "2021.1",
  "applications": [],
  "platforms": [],
  "systems": [
    {
      "name": "cnn_system",
      "platform": "/afs/ece.cmu.edu/class/ece643/software/xilinxVitis/platforms/2021.1/cmu_u96v2_dfx_full/cmu_u96v2_dfx_full.xpfm",
      "sysConfig": "cmu_u96v2_dfx_full",
      "buildConfig": "Hardware",
      "applications": [
        {
          "name": "cnn_system_hw_link",
          "platform": "/afs/ece.cmu.edu/class/ece643/software/xilinxVitis/platforms/2021.1/cmu_u96v2_dfx_full/cmu_u96v2_dfx_full.xpfm",
          "platformPath": "/afs/ece.cmu.edu/class/ece643/software/xilinxVitis/platforms/2021.1/cmu_u96v2_dfx_full",
          "sysConfig": "cmu_u96v2_dfx_full",
          "domain": "pl",
          "system": "cnn_system"
        },
        {
          "name": "cnn_kernels",
          "platform": "/afs/ece.cmu.edu/class/ece643/software/xilinxVitis/platforms/2021.1/cmu_u96v2_dfx_full/cmu_u96v2_dfx_full.xpfm",
          "platformPath": "/afs/ece.cmu.edu/class/ece643/software/xilinxVitis/platforms/2021.1/cmu_u96v2_dfx_full",
          "sysConfig": "cmu_u96v2_dfx_full",
          "domain": "",
          "system": "cnn_system"
        },
        {
          "name": "cnn",
          "platform": "/afs/ece.cmu.edu/class/ece643/software/xilinxVitis/platforms/2021.1/cmu_u96v2_dfx_full/cmu_u96v2_dfx_full.xpfm",
          "platformPath": "/afs/ece.cmu.edu/class/ece643/software/xilinxVitis/platforms/2021.1/cmu_u96v2_dfx_full",
          "sysConfig": "cmu_u96v2_dfx_full",
          "domain": "linux_domain",
          "system": "cnn_system"
        }
      ],
      "platformPath": "/afs/ece.cmu.edu/class/ece643/software/xilinxVitis/platforms/2021.1/cmu_u96v2_dfx_full"
    }
  ],
  "others": []
}